PK;NOMBRE;DESCRIPCION-ENTIDAD;HORARIO;EQUIPAMIENTO;TRANSPORTE;DESCRIPCION;ACCESIBILIDAD;CONTENT-URL;NOMBRE-VIA;CLASE-VIAL;TIPO-NUM;NUM;PLANTA;PUERTA;ESCALERAS;ORIENTACION;LOCALIDAD;PROVINCIA;CODIGO-POSTAL;COD-BARRIO;BARRIO;COD-DISTRITO;DISTRITO;COORDENADA-X;COORDENADA-Y;LATITUD;LONGITUD;TELEFONO;FAX;EMAIL;TIPO
7805;"Centro de Turismo Plaza Mayor";"Madrid cuenta en el Salón de Columnas de la Casa de la Panadería de la céntrica Plaza Mayor con uno de los más modernos centros turísticos del país que ofrece atención especializada con una plantilla de profesionales expertos en turismo e idiomas que atiende personalmente a los visitantes y da respuesta también a todas las peticiones de información que se realizan de manera no presencial. Centro de turismo cofinanciado por el Fondo Europeo de Desarrollo Regional.";"Lunes a domingos: 09:00 - 20:00 h  Horarios especiales Navidad:  24 diciembre: Apertura en su horario habitual / Cierre al público a las 17:00 h 25 diciembre: Apertura a las 11:00 h / Cierre a la hora habitual 31 diciembre: Apertura en su horario habitual / Cierre al público a las 17:00 h 1 enero: Apertura a las 11:00 h / Cierre a la hora habitual";"Atención presencial en varios idiomas  Atención especializada  Servicio de atención no presencial (teléfono 915 787 810 y email turismo@esmadrid.com) Atención por Whatsapp 619 111 094 Autoconsulta con folletos descargables mediante código QR Wifi gratuita Taquilla punto de venta para entradas de Teatros Municipales. Horario de martes a domingos: 10:30 - 14:30 h / 16:30 - 20:00 h. Cerrada: 24, 25 y 31 diciembre, 1 enero  Tienda con recuerdos y artesanías madrileñas (solo pago con tarjeta de crédito)   Accesibilidad:     Programa de visitas guiadas accesibles (previa reserva)     Lengua de Signos Española     Bucles magnéticos (3)     Encaminamientos podotáctiles     Apoyos isquiáticos     Plano háptico     Mostrador adaptado     Guía de Turismo Accesible     Área tecnológica: Audiovisuales  El Centro de Turismo de Plaza Mayor está certificado en la UNE 170001-2 de Accesibilidad Universal.";"Metro: Sol (líneas 1, 2, 3), Ópera (línea 2, 5, Ramal)  Renfe: Sol (líneas C3, C4)";"";"1,4,5,6";"http://www.madrid.es/sites/v/index.jsp?vgnextchannel=bfa48ab43d6bb410VgnVCM100000171f5a0aRCRD&vgnextoid=b0a093e5fd61c010VgnVCM1000000b205a0aRCRD";"MAYOR";"PLAZA";"V";"27";"";"";"";"";"MADRID";"MADRID";"28012";"6";"SOL";"1";"CENTRO";"439983";"4474148";"40.4157939804409";"-3.7074105137385245";"915 787 810";"";"turismo@esmadrid.com";"/contenido/entidadesYorganismos/OficinasTurismo"
11209095;"Centro de Turismo de Sol. Comunidad de Madrid";"";"De lunes a sábado de 9 a 20 horas. Domingos y festivos de 9 a 14 horas. Cerrado: 1 enero, 1 mayo y 25 diciembre.";"";"Metro: Sol (línea 1, 2, 3)  Renfe: Sol (C3, C3a, C4)";"";"3";"http://www.madrid.es/sites/v/index.jsp?vgnextchannel=bfa48ab43d6bb410VgnVCM100000171f5a0aRCRD&vgnextoid=8ff104fc413c3710VgnVCM2000001f4a900aRCRD";"PUERTA DEL SOL";"PLAZA";"V";"5";"";"";"";"";"MADRID";"MADRID";"28013";"6";"SOL";"1";"CENTRO";"440372";"4474236";"40.41661777543638";"-3.702829899539909";"912 723 400";"";"turismo@madrid.org";"/contenido/entidadesYorganismos/OficinasTurismo"
3344;"Faro de la Moncloa";"Vistas a 92 metros de altura que recorren los ascensores panorámicos que trasladan a los visitantes hasta el gran mirador del Faro de Moncloa, que emerge en el corazón de la Ciudad Universitaria de Madrid. Se trata de una torre de iluminación, construida en 1992, año en que la ciudad fue designada Capital Europea del Cultura, de 110 metros de altura. A través de sus enormes cristaleras se pueden contemplar el Palacio Real, la Catedral de la Almudena, el edificio de Telefónica en la Gran Vía, las Cuatro Torres y, de fondo, la sierra de Guadarrama.";"Mirador: de martes a domingo de 9:30 a 20 (última subida a las 19:30 horas).  Taquilla: de martes a domingo de 9:30 a 19:30 horas.  Lunes cerrado, excepto: 14 y 21 de abril, 30 de junio, 1 de septiembre, 10 de noviembre, 8 y 29 diciembre de 2025 y 5 de enero de 2026.  Horario especial Navidad:   Días 24 y 31 de diciembre se cerrará al público a las 17 horas (última subida a las 16:30 horas).  Días 25 de diciembre y 1 de enero se abrirá a las 11 horas.";"Las visitas al mirador del Faro de Moncloa se podrán ver afectadas por las inclemencias meteorológicas. En caso de condiciones adversas, el acceso al mirador permanecerá cerrado.   Si quieres consultar si ahora está abierto, haz click en FARO DE MONCLOA (esmadrid.com)   Por motivos de seguridad, en el mirador no podrá haber más de una silla de ruedas al mismo tiempo.";"Metro: Moncloa (líneas 3, 6)";"";"1";"http://www.madrid.es/sites/v/index.jsp?vgnextchannel=bfa48ab43d6bb410VgnVCM100000171f5a0aRCRD&vgnextoid=ee4f13db5b71c010VgnVCM1000000b205a0aRCRD";"MEMORIA";"AVENIDA";"V";"2";"";"";"";"";"MADRID";"MADRID";"28040";"3";"CIUDAD UNIVERSITARIA";"9";"MONCLOA-ARAVACA";"438791";"4476541";"40.43727075977316";"-3.721682694006853";"910 563 146";"";"faromoncloa@esmadrid.com";"/contenido/entidadesYorganismos/OficinasTurismo"
10692696;"Madrid Film Office";"Madrid Film Office es un servicio público del Ayuntamiento de Madrid que tiene como misión promocionar la ciudad como escenario de rodaje de producciones audiovisuales, asistir a las empresas y a los profesionales que eligen la ciudad de Madrid para llevar a cabo sus proyectos, apoyar al sector audiovisual madrileño y estimular la inversión y el desarrollo local. Madrid Film Office colabora desde la fase de preproducción para facilitar la búsqueda de localizaciones, te asesora en materia de permisos y te acompaña durante el desarrollo de los proyectos audiovisuales en la ciudad de Madrid. La oficina está abierta a consultas y solicitudes de asistencia por vía telefónica o email. Si deseas una atención presencial, solicita cita previa a través del correo electrónico info@madridfilmoffice.com.";"Horario de trabajo de la oficina: de 9 a 16 horas.";"Funciones que presta  La oficina ofrece los siguientes servicios básicos a los productores que desean rodar en Madrid:  1. Ayuda en la búsqueda de localizaciones para rodajes  Apoyo en la búsqueda de localizaciones que se adecúen a las necesidades de las producciones y asesoría en el terreno de la logística de producción y postproducción a desarrollar en Madrid. Madrid Film Office cuenta con un catálogo con sugerencias de localizaciones para rodajes en la ciudad de Madrid: https://madridfilmoffice.com/localizaciones/.   2. Orientación en la gestión de permisos de rodaje  Información sobre gestores, procedimientos, tarifas y buenas prácticas para la obtención de permisos de rodaje en espacios municipales, así como localizaciones institucionales y privadas. Madrid Film Office no tiene autoridad para dar los permisos de rodaje en ningún espacio municipal o extramunicipal, actuando únicamente como una oficina de orientación en la búsqueda del titular correspondiente y de apoyo en el proceso de petición de los permisos. En el caso de los espacios municipales:  Los permisos de rodaje en vía pública, parques y jardines los otorga el Negociado de Autorizaciones de Rodaje, perteneciente al Área de Gobierno de Medio Ambiente y Movilidad. Cuenta con dos tipos de permisos de rodaje, que se pueden solicitar electrónica o presencialmente en sus oficinas (C/ Albarracín, 33). Los permisos de rodaje en edificios e instalaciones municipales los otorgan los diferentes y múltiples órganos municipales de los que son competencia. Por ejemplo, los centros deportivos y culturales municipales suelen gestionarlos las Juntas Municipales de Distrito en las que se ubican, los cementerios municipales los gestiona la Empresa Municipal de Servicios Funerarios y Cementerios de Madrid, etc.   3. Asistencia en la gestión de servicios municipales  Mediación entre el sector audiovisual y el amplio abanico de departamentos municipales con el que pueden necesitar contactar y colaborar (alumbrado, zonas verdes, mobiliario urbano, etc.). En este sentido, conocidos los servicios que el productor necesita, Madrid Film Office se presta a ayudar en:  La búsqueda de los posibles interlocutores municipales implicados. El estudio de la viabilidad de la petición solicitada. La coordinación entre empresa y departamento municipal.   4.  Información sobre empresas y profesionales del sector audiovisual   Madrid Film Office pone a disposición de los interesados un directorio de profesionales y de empresas del sector audiovisual en Madrid:   Empresas: https://madridfilmoffice.com/directorio-empresas/  Profesionales: https://madridfilmoffice.com/directorio-profesionales/";"Metro: Sol (líneas 1, 2 y 3), Ópera (líneas 2, 5, Ramal).  Bus: 50, 31, 65, SE712, 17, 002, 35, 18, 23.  Cercanías Renfe: Sol (líneas C3, C3a y C4).  Bicimad: Estación 32 (plaza Provincia, 1) / estación 31 (calle Mayor, 20).  Aparcamiento: Plaza Mayor (55), Plaza Mayor.";"";"1";"http://www.madrid.es/sites/v/index.jsp?vgnextchannel=bfa48ab43d6bb410VgnVCM100000171f5a0aRCRD&vgnextoid=b72a196f7d003610VgnVCM2000001f4a900aRCRD";"MAYOR";"PLAZA";"V";"27";"";"";"";"";"MADRID";"MADRID";"28012";"6";"SOL";"1";"CENTRO";"439983";"4474148";"40.4157939804409";"-3.7074105137385245";"913 184 588";"";"info@madridfilmoffice.com";"/contenido/entidadesYorganismos/OficinasTurismo"
7836;"Oficina Joven TIVE - Moncloa";"";"De lunes a viernes, de 9 a 19 horas (abril a septiembre). De lunes a viernes, de 9 a 14 horas (octubre a marzo).";"Información:   Actividades culturales, deportivas y de ocio Carnés Cursos y talleres Garantía juvenil   Trámites:   Expedición de carnés Inscripción Garantía Juvenil";"Metro: Moncloa (líneas 3 y 6)";"";"1";"http://www.madrid.es/sites/v/index.jsp?vgnextchannel=bfa48ab43d6bb410VgnVCM100000171f5a0aRCRD&vgnextoid=397e19d41471c010VgnVCM1000000b205a0aRCRD";"FERNANDO EL CATÓLICO";"CALLE";"V";"88";"";"";"";"";"MADRID";"MADRID";"28015";"1";"GAZTAMBIDE";"7";"CHAMBERI";"439117";"4476223";"40.43442736874463";"-3.717814046077588";"915 437 412";"";"correo.cridj@madrid.org";"/contenido/entidadesYorganismos/OficinasTurismo"
27402;"Oficina de Turismo de Andorra";"";"";"";"Metro: Retiro (línea 2), Serrano (línea 4), Banco de España (línea 2)  Cercanias: Recoletos (C1, C2, C7, C8, C10)";"";"3";"http://www.madrid.es/sites/v/index.jsp?vgnextchannel=bfa48ab43d6bb410VgnVCM100000171f5a0aRCRD&vgnextoid=eb68444a2951c010VgnVCM2000000c205a0aRCRD";"ALCALA";"CALLE";"V";"73";"";"";"";"";"MADRID";"MADRID";"28009";"1";"RECOLETOS";"4";"SALAMANCA";"441686";"4474653";"40.4204717248739";"-3.6873856851812166";"914 317 453";"";"info.es@visitandorra.com";"/contenido/entidadesYorganismos/OficinasTurismo"
127469;"Oficina de Turismo de Brasil";"";"";"";"Metro: Alonso Martínez (líneas 4, 5, 10), Rubén Darío (línea 5), Colón (línea 4)";"";"3";"http://www.madrid.es/sites/v/index.jsp?vgnextchannel=bfa48ab43d6bb410VgnVCM100000171f5a0aRCRD&vgnextoid=b15d47048781c010VgnVCM1000000b205a0aRCRD";"ALMAGRO";"CALLE";"V";"28";"2ª";"";"";"";"MADRID";"MADRID";"28010";"4";"ALMAGRO";"7";"CHAMBERI";"441238";"4475736";"40.43018984080442";"-3.6927619911552654";"917 004 650";"";"secom.madrid@itamaraty.gov.br";"/contenido/entidadesYorganismos/OficinasTurismo"
6416785;"Oficina de Turismo de Guatemala";"";"";"";"Metro: Cuzco (línea 10)";"";"3";"http://www.madrid.es/sites/v/index.jsp?vgnextchannel=bfa48ab43d6bb410VgnVCM100000171f5a0aRCRD&vgnextoid=df5f44e4373f6310VgnVCM1000000b205a0aRCRD";"CASTELLANA";"PASEO";"V";"178";"6";"IZQUIERDA";"";"";"MADRID";"MADRID";"28046";"5";"NUEVA ESPAÑA";"5";"CHAMARTIN";"441569";"4479133";"40.46081583825652";"-3.689177427623146";"913 440 347 / 913 441 417";"";"turismo@embajadaguatemala.es";"/contenido/entidadesYorganismos/OficinasTurismo"
39693;"Oficina de Turismo de Irán";"";"";"";"Metro: Avenida de América (líneas 4, 6, 7, 9), Gregorio Marañón (líneas 7, 10), Núñez de Balboa (líneas 5, 9)";"";"3";"http://www.madrid.es/sites/v/index.jsp?vgnextchannel=bfa48ab43d6bb410VgnVCM100000171f5a0aRCRD&vgnextoid=66e6e7510551c010VgnVCM2000000c205a0aRCRD";"MARIA DE MOLINA";"CALLE";"V";"26";"1ª";"IZQUIERDA";"";"";"MADRID";"MADRID";"28006";"6";"CASTELLANA";"4";"SALAMANCA";"441920";"4476551";"40.43758020962193";"-3.684793470102174";"915 643 613";"";"iran@iransara.es";"/contenido/entidadesYorganismos/OficinasTurismo"
7834;"Oficina de Turismo de Jordania";"";"";"";"Metro: Diego de León (líneas 4, 5 y 6), Manuel Becerra (líneas 2 y 6)";"";"3";"http://www.madrid.es/sites/v/index.jsp?vgnextchannel=bfa48ab43d6bb410VgnVCM100000171f5a0aRCRD&vgnextoid=ad3d19d41471c010VgnVCM1000000b205a0aRCRD";"MONTESA";"CALLE";"V";"41";"";"";"";"";"MADRID";"MADRID";"28006";"5";"LISTA";"4";"SALAMANCA";"442981";"4475769";"40.430608207603065";"-3.6722235177864584";"915 428 006";"";"spain@visitjordan.com";"/contenido/entidadesYorganismos/OficinasTurismo"
52471;"Oficina de Turismo de Malta";"";"";"";"Metro: Nuevos Ministerios (línea 6, 8 y 10)  Renfe: Nuevos Ministerios";"Localizada en la Embajada de Malta";"3";"http://www.madrid.es/sites/v/index.jsp?vgnextchannel=bfa48ab43d6bb410VgnVCM100000171f5a0aRCRD&vgnextoid=f8f6e7510551c010VgnVCM2000000c205a0aRCRD";"CARBONERO Y SOL";"CALLE";"V";"1";"2.º";"IZQUIERDA";"";"";"MADRID";"MADRID";"28006";"1";"EL VISO";"5";"CHAMARTIN";"441439";"4477382";"40.445035071241655";"-3.690549047125382";"913 913 061";"";"maltaembassy.madrid@gov.mt";"/contenido/entidadesYorganismos/OficinasTurismo"
7826;"Oficina de Turismo de Perú";"";"";"";"Metro: Lista (línea 4), Diego de León (línea 4, 5, 9), Núñez de Balboa (línea 5, 9)";"Portal Oficial de Turismo del Perú";"3";"http://www.madrid.es/sites/v/index.jsp?vgnextchannel=bfa48ab43d6bb410VgnVCM100000171f5a0aRCRD&vgnextoid=b4ed19d41471c010VgnVCM1000000b205a0aRCRD";"MARQUÉS DE SALAMANCA";"PLAZA";"V";"10";"BAJO IZQUIERDA";"";"";"";"MADRID";"MADRID";"28006";"5";"LISTA";"4";"SALAMANCA";"442381";"4475670";"40.429681612294374";"-3.679285350795378";"911 937 511 y whatsapp 24 horas de atención al cliente: +51 944 492 314";"";"info@oficinacomercialdeperu.es";"/contenido/entidadesYorganismos/OficinasTurismo"
7835;"Oficina de Turismo de Polonia";"";"";"";"Metro: Plaza de España (líneas 3, 10), Ventura Rodríguez (línea 3), Noviciado (línea 2)";"";"3";"http://www.madrid.es/sites/v/index.jsp?vgnextchannel=bfa48ab43d6bb410VgnVCM100000171f5a0aRCRD&vgnextoid=47fd19d41471c010VgnVCM1000000b205a0aRCRD";"PRINCESA";"CALLE";"V";"3";"";"local 1310";"";"";"MADRID";"MADRID";"28008";"2";"ARGUELLES";"9";"MONCLOA-ARAVACA";"439529";"4475145";"40.42474343764168";"-3.7128566472819906";"915 414 808";"";"info.es@polonia.travel";"/contenido/entidadesYorganismos/OficinasTurismo"
5405234;"Oficina de Turismo de Portugal";"";"";"";"Metro: Núñez de Balboa (líneas 5, 9), Serrano (línea 4), Velázquez (línea 4)";"";"3";"http://www.madrid.es/sites/v/index.jsp?vgnextchannel=bfa48ab43d6bb410VgnVCM100000171f5a0aRCRD&vgnextoid=f3ad9a4aca553210VgnVCM2000000c205a0aRCRD";"LAGASCA";"CALLE";"V";"88";"4ª";"B";"";"";"MADRID";"MADRID";"28001";"6";"CASTELLANA";"4";"SALAMANCA";"441918";"4475700";"40.429919325594405";"-3.6847431067997025";"917 617 230";"";"info.espanha@turismodeportugal.pt";"/contenido/entidadesYorganismos/OficinasTurismo"
181856;"Oficina de Turismo de República Checa";"";"";"";"Metro: Pío XII (línea 9), Duque de Pastrana (línea 9)";"";"3";"http://www.madrid.es/sites/v/index.jsp?vgnextchannel=bfa48ab43d6bb410VgnVCM100000171f5a0aRCRD&vgnextoid=c9980e4e6d41c010VgnVCM2000000c205a0aRCRD";"PIO XII";"AVENIDA";"V";"22";"";"";"";"";"MADRID";"MADRID";"28016";"5";"NUEVA ESPAÑA";"5";"CHAMARTIN";"442782";"4479721";"40.46619994041604";"-3.674921439191856";"913 592 527";"";"madrid@czechtourism.com";"/contenido/entidadesYorganismos/OficinasTurismo"
7829;"Oficina de Turismo de República Dominicana";"";"";"";"Metro: Banco España (línea 2)  Renfe: Recoletos";"";"3";"http://www.madrid.es/sites/v/index.jsp?vgnextchannel=bfa48ab43d6bb410VgnVCM100000171f5a0aRCRD&vgnextoid=6c1e19d41471c010VgnVCM1000000b205a0aRCRD";"ALCALA";"CALLE";"V";"59";"4º";"";"";"";"MADRID";"MADRID";"28014";"1";"RECOLETOS";"4";"SALAMANCA";"441346";"4474585";"40.41983515973237";"-3.6913871919698398";"914 177 375";"";"espana@mitur.gob.do";"/contenido/entidadesYorganismos/OficinasTurismo"
7832;"Oficina de Turismo de Turquía";"";"";"";"Metro: Retiro (línea 2), Banco de España (línea 2), Estación del Arte (Atocha) (línea 1)  Renfe: Atocha (C1, C2, C3, C4, C5, C7, C10)";"";"3";"http://www.madrid.es/sites/v/index.jsp?vgnextchannel=bfa48ab43d6bb410VgnVCM100000171f5a0aRCRD&vgnextoid=a66e19d41471c010VgnVCM1000000b205a0aRCRD";"ANTONIO MAURA";"CALLE";"V";"18";"2.º";"D";"";"";"MADRID";"MADRID";"28014";"5";"LOS JERONIMOS";"3";"RETIRO";"441480";"4474203";"40.41640236621119";"-3.6897711925342342";"915 597 014 / 915 597 114";"";"turquia@ktb.gov.tr";"/contenido/entidadesYorganismos/OficinasTurismo"
7841;"Oficina de Turismo de Túnez";"";"";"";"Metro: San Bernardo (líneas 2, 4),  Quevedo (línea 2)";"";"3";"http://www.madrid.es/sites/v/index.jsp?vgnextchannel=bfa48ab43d6bb410VgnVCM100000171f5a0aRCRD&vgnextoid=145e19d41471c010VgnVCM1000000b205a0aRCRD";"RODRIGUEZ SAN PEDRO";"CALLE";"V";"2";"";"Oficina 1108";"";"";"MADRID";"MADRID";"28015";"2";"ARAPILES";"7";"CHAMBERI";"440158";"4475899";"40.43158083851068";"-3.7055131033895483";"915 481 435";"915 483 705";"info.madrid@discovertunisia.com";"/contenido/entidadesYorganismos/OficinasTurismo"
5405423;"Oficina de Turismo de Venezuela";"";"";"";"Metro: Iglesia (línea 1)";"Localizada en la Embajada de Venezuela";"3";"http://www.madrid.es/sites/v/index.jsp?vgnextchannel=bfa48ab43d6bb410VgnVCM100000171f5a0aRCRD&vgnextoid=2457116bb1653210VgnVCM2000000c205a0aRCRD";"ELOY GONZALO";"CALLE";"V";"40";"13";"";"";"";"MADRID";"MADRID";"28010";"3";"TRAFALGAR";"7";"CHAMBERI";"440705";"4476241";"40.43470677362925";"-3.6990941188479263";"915 558 452";"";"conve.esmdr@mppre.gob.ve";"/contenido/entidadesYorganismos/OficinasTurismo"
190857;"Oficina de Turismo de la Comunidad de Madrid. Aeropuerto Adolfo Suárez Madrid Barajas (T4) - (T1)";"";"T4: de lunes a sábado, de 8 a 20 horas. Domingos y festivos, de 9 a 14 horas.  T1: de lunes a sábado, de 8 a 15:30 horas. Domingos y festivos, de 9 a 14 horas Cerradas los días 1 de enero, 1 de mayo y 25 de diciembre.";"";"Metro: Línea 8 - estación Aeropuerto T-4.";"";"3";"http://www.madrid.es/sites/v/index.jsp?vgnextchannel=bfa48ab43d6bb410VgnVCM100000171f5a0aRCRD&vgnextoid=28aa8f79e9c70110VgnVCM1000000b205a0aRCRD";"HISPANIDAD";"AVENIDA";"V";"2";"";"";"";"Terminal 4";"MADRID";"MADRID";"28042";"2";"AEROPUERTO";"21";"BARAJAS";"450312";"4478080";"40.45189718117108";"-3.585970196635729";"913 338 247";"";"turismo@madrid.org";"/contenido/entidadesYorganismos/OficinasTurismo"
68611;"Oficina de Turismo de la Comunidad de Madrid. Estación de Atocha";"";"De lunes a viernes, de 8 a 20 horas. Sábados, de 8 a 15:30 horas. Domingos y festivos, de 9 a 14 horas. Cerrado: 1 enero, 1 mayo y 25 diciembre.";"";"Metro: Estación del Arte (Atocha) (línea 1)  Renfe: Atocha (C1, C2, C3, C4, C5, C7, C10)";"";"3";"http://www.madrid.es/sites/v/index.jsp?vgnextchannel=bfa48ab43d6bb410VgnVCM100000171f5a0aRCRD&vgnextoid=3f1f96e2cf41c010VgnVCM2000000c205a0aRCRD";"EMPERADOR CARLOS V";"PLAZA";"V";"3";"";"";"";"";"MADRID";"MADRID";"28045";"7";"ATOCHA";"2";"ARGANZUELA";"441296";"4473237";"40.40768324646422";"-3.691848204232547";"915 284 630";"";"turismo@madrid.org";"/contenido/entidadesYorganismos/OficinasTurismo"
5631196;"Punto de Información Turística Aeropuerto Adolfo Suárez Madrid -  Barajas Terminal 2 (Entre salas 5 y 6)";"";"Lunes a domingo, de 8 a 20 horas,   Horarios especiales Navidad:  - 24 diciembre: Apertura en su horario habitual / Cierre al público a las 17:00 horas- 25 diciembre: Apertura a las 11:00 hrs / Cierre a la hora habitual- 31 diciembre: Apertura en su horario habitual / Cierre al público a las 17:00 horas- 1 enero: Apertura a las 11:00 hrs / Cierre a la hora habitual";"Atención presencial en varios idiomas Servicio de atención no presencial (teléfono 915 787 810 y email turismo@esmadrid.com) Atención por WhatsApp 619 111 094 Autoconsulta con folletos descargables mediante código QR Audiovisuales  Acceso adaptado Lengua de signos en remoto Blucle magnético Servicio MAULSE: Servicio de interpretación de Lengua de Signos Española en remoto Guía de Turismo Accesible  También disponen de un Mapa Accesible de Madrid en braille y con un QR descargable en los dispositivos móviles para personas con discapacidad visual con toda la información turística. Además, los informadores turísticos han recibido formación específica para la atención a personas con discapacidad .";"Metro: Aeropuerto T2 (línea 8)";"";"1,4,6";"http://www.madrid.es/sites/v/index.jsp?vgnextchannel=bfa48ab43d6bb410VgnVCM100000171f5a0aRCRD&vgnextoid=88dfad2e06ea7210VgnVCM2000000c205a0aRCRD";"HISPANIDAD";"AVENIDA";"V";"1";"";"";"";"Aeropuerto de Barajas. Salas 5 y 6";"MADRID";"MADRID";"28042";"2";"AEROPUERTO";"21";"BARAJAS";"450312";"4478080";"40.45188738242834";"-3.5859807207200376";"915 787 810";"";"turismo@esmadrid.com";"/contenido/entidadesYorganismos/OficinasTurismo"
178759;"Punto de Información Turística Aeropuerto Adolfo Suárez Madrid - Barajas Terminal 4 (Sala 10)";"";"Lunes a domingo, de 8 a 20 horas.   Horarios especiales Navidad:  - 24 diciembre: Apertura en su horario habitual / Cierre al público a las 17:00 horas - 25 diciembre: Apertura a las 11:00 hrs / Cierre a la hora habitual - 31 diciembre: Apertura en su horario habitual / Cierre al público a las 17:00 horas - 1 enero: Apertura a las 11:00 hrs / Cierre a la hora habitual";"Atención presencial en varios idiomas Servicio de atención no presencial (teléfono 915 787 810 y e-mail turismo@esmadrid.com) Atención por WhatsApp 619 111 094 Autoconsulta con folletos descargables mediante código QR Audiovisuales Acceso adaptado  Bucle magnético Mostrador accesible. Servicio MAULSE: Servicio de interpretación de Lengua de Signos Española en remoto Guía de Turismo Accesible  También disponen de un Mapa Accesible de Madrid en braille y con un QR descargable en los dispositivos móviles para personas con discapacidad visual con toda la información turística. Además, los informadores turísticos han recibido formación específica para la atención a personas con discapacidad.";"Metro: Aeropuerto T 4 (línea 8)  Renfe: Aeropuerto T 4";"";"1,4,6";"http://www.madrid.es/sites/v/index.jsp?vgnextchannel=bfa48ab43d6bb410VgnVCM100000171f5a0aRCRD&vgnextoid=8f871c7a2c61c010VgnVCM1000000b205a0aRCRD";"HISPANIDAD";"AVENIDA";"V";"0";"";"";"";"Aeropuerto de Barajas. Salas 10";"MADRID";"MADRID";"28042";"2";"AEROPUERTO";"21";"BARAJAS";"450312";"4478080";"40.45188738242834";"-3.5859807207200376";"915 787 810";"";"turismo@esmadrid.com";"/contenido/entidadesYorganismos/OficinasTurismo"
11050930;"Punto de Información Turística Palacio Real";"";"Abierto durante todo el año ofrece todo lo que el visitante necesita para disfrutar de su estancia. Todos los días del año de 9 a 20 horas.  Horarios especiales Navidad:  - 24 diciembre: Apertura en su horario habitual / Cierre al público a las 17:00 horas- 25 diciembre: Apertura a las 11:00 hrs / Cierre a la hora habitual- 31 diciembre: Apertura en su horario habitual / Cierre al público a las 17:00 horas- 1 enero: Apertura a las 11:00 hrs / Cierre a la hora habitual";"Atención presencial en varios idiomas Servicio de atención no presencial (teléfono 915 787 810, de 9:30 a 20:30 horas y email turismo@esmadrid.com) Atención por WhatsApp 619 111 094, de 9:30 a 20:30 horas Autoconsulta con folletos descargables mediante código QR Audiovisuales Guía de Turismo Accesible WIFI gratuita Bucle magnético Servicio de Atenci&amp;ccedil;on en Lengua de Signos Española en remoto.  También disponen de un Mapa Accesible de Madrid en braille y con un QR descargable en los dispositivos móviles para personas con discapacidad visual con toda la información turística. Además,  los informadores turísticos han recibido formación específica para la atención a personas con discapacidad.";"Metro: Ópera (líneas 2, 5, R) Plaza de España (L2, L3, L10)";"";"1,4,6";"http://www.madrid.es/sites/v/index.jsp?vgnextchannel=bfa48ab43d6bb410VgnVCM100000171f5a0aRCRD&vgnextoid=81d3b801a201e610VgnVCM2000001f4a900aRCRD";"BAILEN";"CALLE";"V";"0";"";"";"";"semiesquina calle Requena, frente Palacio Real";"MADRID";"MADRID";"28013";"1";"PALACIO";"1";"CENTRO";"439580";"4474285";"40.41700064452497";"-3.7121662397143345";"915 787 810";"";"turismo@esmadrid.com";"/contenido/entidadesYorganismos/OficinasTurismo"
10085167;"Punto de Información Turística Reina Sofía";"Punto de Información Turística cofinanciado por el Fondo Europeo de Desarrollo Regional.";"Abierto durante todo el año ofrece todo lo que el visitante necesita para disfrutar de su estancia. Todos los días del año de 10 a 18 horas.  Horarios especiales Navidad:  - 24 diciembre: Apertura en su horario habitual / Cierre al público a las 17:00 horas - 25 diciembre: Apertura a las 11:00 hrs / Cierre a la hora habitual - 31 diciembre: Apertura en su horario habitual / Cierre al público a las 17:00 horas - 1 enero: Apertura a las 11:00 hrs / Cierre a la hora habitual";"Atención presencial en varios idiomas Servicio de atención no presencial (teléfono 915 787 810 y email turismo@esmadrid.com) Atención por WhatsApp 619 111 094 Audiovisuales Autoconsulta con folletos descargables mediante código QR WIFI Gratuita Bucle magnético  Mostrador adaptado Servicio MAULSE: Servicio de interpretación de Lengua de Signos Española en remoto Guía de Turismo Accesible  También disponen de un Mapa Accesible de Madrid en braille y con un QR descargable en los dispositivos móviles para personas con discapacidad visual con toda la información turística. Además, los informadores turísticos han recibido formación específica para la atención a personas con discapacidad.";"Metro: Atocha (L1), Estación del Arte (L1)  Renfe: Madrid- Atocha";"";"1,4,6";"http://www.madrid.es/sites/v/index.jsp?vgnextchannel=bfa48ab43d6bb410VgnVCM100000171f5a0aRCRD&vgnextoid=8321a9a7e3525510VgnVCM2000001f4a900aRCRD";"SANTA ISABEL";"CALLE";"V";"52";"";"";"";"";"MADRID";"MADRID";"28012";"2";"EMBAJADORES";"1";"CENTRO";"441118";"4473345";"40.40864029339671";"-3.6939504103293244";"915 787 810";"";"turismo@esmadrid.com";"/contenido/entidadesYorganismos/OficinasTurismo"
11456723;"Punto de Información Turística de Cuesta de Moyano";"";"Abierto durante todo el año ofrece todo lo que el visitante necesita para disfrutar de su estancia. Lunes a domingos: 10:00 - 18:00 h  Horarios especiales Navidad:  - 24 diciembre: Apertura en su horario habitual / Cierre al público a las 17:00 horas- 25 diciembre: Apertura a las 11:00 hrs / Cierre a la hora habitual- 31 diciembre: Apertura en su horario habitual / Cierre al público a las 17:00 horas- 1 enero: Apertura a las 11:00 hrs / Cierre a la hora habitual";"Atención presencial en varios idiomas. Servicio de atención no presencial (teléfono 915 787 810 y email turismo@esmadrid.com) Atención por WhatsApp 619 111 094 Autoconsulta en folletos físicos y descargables WIFI gratuita Servicio MAULSE: Servicio de interpretación de Lengua de Signos Española en remoto Guía de Turismo Accesible  Dispone de un Mapa Accesible de Madrid en braille y con un QR descargable en los dispositivos móviles para personas con discapacidad visual con toda la información turística. Además, los informadores turísticos han recibido formación específica para la atención a personas con discapacidad.";"Metro: Estación del Arte (Atocha) (línea 1)  Renfe: Largo recorrido, AVE y cercanías";"";"1,4";"http://www.madrid.es/sites/v/index.jsp?vgnextchannel=bfa48ab43d6bb410VgnVCM100000171f5a0aRCRD&vgnextoid=6795f567e869b710VgnVCM1000001d4a900aRCRD";"CLAUDIO MOYANO";"CALLE";"V";"1";"";"";"";"";"MADRID";"MADRID";"28014";"5";"LOS JERONIMOS";"3";"RETIRO";"441508";"4473468";"40.40978192192937";"-3.6893720604492173";"915 787 810";"";"turismo@esmadrid.com";"/contenido/entidadesYorganismos/OficinasTurismo"
7050847;"Punto de Información Turística. CentroCentro";"El espacio de exposiciones CentroCentro, en el Palacio de Cibeles (actual sede del Ayuntamiento de Madrid y antiguo Palacio de Correos) alberga un punto de información turística y una tienda con recuerdos y artesanías madrileñas.";"De martes a domingo de 10 a 20 horas. Cerrado: lunes, 1 y 6 de enero, 1 de mayo y 24, 25 y 31 de diciembre 5 enero: 10:00 - 14:00 h";"Atención presencial en varios idiomas Servicio de atención no presencial (teléfono 915 787 810 y email turismo@esmadrid.com) Atención por WhatsApp 619 111 094 Autoconsulta con folletos descargables mediante código QR Audiovisuales Acceso adaptado  Tienda de recuerdos y artesanías madrileñas (solo pago con tarjeta) WIFI Gratuita Lengua de signos en remoto Mostrador adaptado Guía de Turismo Accesible  También disponen de un Mapa Accesible de Madrid en braille y con un QR descargable en los dispositivos móviles para personas con discapacidad visual con toda la información turística. Además, los informadores turísticos han recibido formación específica para la atención a personas con discapacidad.";"Metro: Banco de España (línea 2)  Renfe: Recoletos";"Periodo 1904 &amp;middot; 1918 Actuaciones: Antonio Palacios Ramilo , Joaquín Otamendi Machimbarrena: 1904 (P) 1905-1918 (O). Ampliación calle Montalbán: Julián Otamendi Machimbarrena, Luis Lozano Losilla: 1934 (P) 1934-1945 (O). Restauración fachadas y torreón central : María Belén Isla Ayuso: 1996 (P). Adecuación sede municipal: Arquimática S.L.: 2007";"1,4";"http://www.madrid.es/sites/v/index.jsp?vgnextchannel=bfa48ab43d6bb410VgnVCM100000171f5a0aRCRD&vgnextoid=81c63eebd56ff310VgnVCM2000000c205a0aRCRD";"CIBELES";"PLAZA";"V";"1";"";"";"";"";"MADRID";"MADRID";"28014";"5";"LOS JERONIMOS";"3";"RETIRO";"441277";"4474496";"40.41902261618159";"-3.692188193693138";"915 787 810";"";"turismo@esmadrid.com";"/contenido/entidadesYorganismos/OficinasTurismo"
10085202;"Punto de Información Turística. Estadio Santiago Bernabéu";"Punto de Información Turística cofinanciado por el Fondo Europeo de Desarrollo Regional.";"Abierto durante todo el año ofrece todo lo que el visitante necesita para disfrutar de su estancia. Todos los días del año de 10 a 18 horas.  Horarios especiales Navidad:  - 24 diciembre: Apertura en su horario habitual / Cierre al público a las 17:00 horas - 25 diciembre: Apertura a las 11:00 hrs / Cierre a la hora habitual - 31 diciembre: Apertura en su horario habitual / Cierre al público a las 17:00 horas - 1 enero: Apertura a las 11:00 hrs / Cierre a la hora habitual";"Atención presencial en varios idiomas Servicio de atención no presencial (teléfono 915 787 810 y email turismo@esmadrid.com) Atención por WhatsApp 619 111 094 Audiovisuales Autoconsulta en folletos descargables WIFI Gratuita Bucle magnético  Mostrador adaptado Servicio MAULSE: Servicio de interpretación de Lengua de Signos Española en remoto.  También disponen de un Mapa Accesible de Madrid en braille y con un QR descargable en los dispositivos móviles para personas con discapacidad visual con toda la información turística. Además, los informadores turísticos han recibido formación específica para la atención a personas con discapacidad.";"Metro: Santiago Bernabeu (línea 10)  Bus: 27, 40, 126, 147 y 150";"";"1,4,6";"http://www.madrid.es/sites/v/index.jsp?vgnextchannel=bfa48ab43d6bb410VgnVCM100000171f5a0aRCRD&vgnextoid=2da4a9a7e3525510VgnVCM2000001f4a900aRCRD";"CASTELLANA";"PASEO";"V";"138";"";"";"";"";"MADRID";"MADRID";"28046";"1";"EL VISO";"5";"CHAMARTIN";"441484";"4478096";"40.451469204038304";"-3.690081979473296";"915 787 810";"";"turismo@esmadrid.com";"/contenido/entidadesYorganismos/OficinasTurismo"
10085398;"Punto de Información Turística. Paseo del Prado";"Punto de Información Turística cofinanciado por el Fondo Europeo de Desarrollo Regional.";"Abierto durante todo el año ofrece todo lo que el visitante necesita para disfrutar de su estancia. Lunes a domingos: 09:00 - 20:00 h  Horarios especiales Navidad:  - 24 diciembre: Apertura en su horario habitual / Cierre al público a las 17:00 horas - 25 diciembre: Apertura a las 11:00 hrs / Cierre a la hora habitual - 31 diciembre: Apertura en su horario habitual / Cierre al público a las 17:00 horas - 1 enero: Apertura a las 11:00 hrs / Cierre a la hora habitual";"Atención presencial en varios idiomas   Audiovisuales  Servicio de atención no presencial (teléfono 915 787 810, de 9 a 20 horas y email (turismo@esmadrid.com) Atención por WhatsApp 619 111 094, de 9 a 20 horas WIFI Gratuita Bucle magnético Mostrador adaptado Servicio de interpretación de Lengua de Signos Española en remoto.  También disponen de un Mapa Accesible de Madrid en braille y con un QR descargable en los dispositivos móviles para personas con discapacidad visual con toda la información turística. Además, los informadores turísticos han recibido formación específica para la atención a personas con discapacidad.";"Metro: Banco de España (línea 2), Estación del Arte (L1), Sevilla (L2)";"";"1";"http://www.madrid.es/sites/v/index.jsp?vgnextchannel=bfa48ab43d6bb410VgnVCM100000171f5a0aRCRD&vgnextoid=1f6bdae9bb525510VgnVCM2000001f4a900aRCRD";"CANOVAS DEL CASTILLO";"PLAZA";"V";"1";"";"";"";"";"MADRID";"MADRID";"28014";"5";"LOS JERONIMOS";"3";"RETIRO";"441191";"4474104";"40.41548874705118";"-3.693162455241064";"915 787 810";"";"turismo@esmadrid.com";"/contenido/entidadesYorganismos/OficinasTurismo"
171082;"Punto de Información Turística. Plaza de Callao";"Punto de Información Turística cofinanciado por el Fondo Europeo de Desarrollo Regional.";"Abierto durante todo el año ofrece todo lo que el visitante necesita para disfrutar de su estancia. Todos los días del año de 9 a 20 horas.  Horarios especiales Navidad:  - 24 diciembre: Apertura en su horario habitual / Cierre al público a las 17:00 horas - 25 diciembre: Apertura a las 11:00 hrs / Cierre a la hora habitual - 31 diciembre: Apertura en su horario habitual / Cierre al público a las 17:00 horas - 1 enero: Apertura a las 11:00 hrs / Cierre a la hora habitual";"Atención presencial en varios idiomas Atención por WhatsApp 619 111 094 Autoconsulta con descargables mediante código QR Audiovisuales WIFI gratuita Bucle magnético  Mostrador adaptado Servicio de interpretación de Lengua de Signos Española en remoto  Todos los quioscos de información turística tienen un mostrador accesible y están equipados de bucles magnéticos para atención a personas con discapacidad auditiva. También disponen de un Mapa Accesible de Madrid en braille y con un QR descargable en los dispositivos móviles para personas con discapacidad visual con toda la información turística. Además, los informadores turísticos han recibido formación específica para la atención a personas con discapacidad.";"Metro: Callao (líneas 1, 3, 5)";"";"1,4,6";"http://www.madrid.es/sites/v/index.jsp?vgnextchannel=bfa48ab43d6bb410VgnVCM100000171f5a0aRCRD&vgnextoid=acf029ea9281c010VgnVCM1000000b205a0aRCRD";"CALLAO";"PLAZA";"V";"0";"";"";"";"";"MADRID";"MADRID";"28013";"6";"SOL";"1";"CENTRO";"440096";"4474586";"40.41975521983192";"-3.7061194305808858";"915 787 810";"";"turismo@esmadrid.com";"/contenido/entidadesYorganismos/OficinasTurismo"
4629537;"Servicio de Atención Turística de Emergencia (SATE). Comisaría de Centro";"El servicio de Atención Turística de Emergencia -SATE- es un servicio especializado gestionado por la Empresa Municipal Madrid Destino en colaboración con funcionarios del Cuerpo Nacional de Policía. Tiene por finalidad atender al turista extranjero que, durante su estancia en Madrid, haya vivido una situación excepcional y requiera de apoyo policial. Entre las funciones del servicio destaca el apoyo en trámites policiales, la localización de familiares, la cancelación de tarjetas de crédito, el contacto con embajadas y consulados, información turística y otros.";"Lunes a domingo, de 8:30 a 22 horas.";"Atención presencial en varios idiomas";"Metro: Santo Domingo (línea 2), Callao (líneas 3 y 5), plaza de España (líneas 3 y 10).";"";"1";"http://www.madrid.es/sites/v/index.jsp?vgnextchannel=bfa48ab43d6bb410VgnVCM100000171f5a0aRCRD&vgnextoid=d37386bde6594110VgnVCM1000000b205a0aRCRD";"LEGANITOS";"CALLE";"V";"19";"";"";"";"";"MADRID";"MADRID";"28013";"1";"PALACIO";"1";"CENTRO";"439756";"4474787";"40.42154122155197";"-3.7101413569005515";"";"";"";"/contenido/entidadesYorganismos/OficinasTurismo"

